data;data_doy;gk
2007-10-26;2007.8169;9
2007-10-27;2007.8197;10
2007-10-28;2007.8224;11
2007-10-29;2007.8251;19
2007-10-31;2007.8306;26
2007-11-01;2007.8333;34
2007-11-02;2007.8361;36
2007-11-03;2007.8388;37
2007-11-04;2007.8415;44
2007-11-05;2007.8443;54
2007-11-06;2007.8470;63
2007-11-07;2007.8497;68
2007-11-08;2007.8525;70
2007-11-09;2007.8552;71
2007-11-10;2007.8579;74
2007-11-11;2007.8607;80
2007-11-12;2007.8634;81
2007-11-13;2007.8661;82
2007-11-15;2007.8716;85
2007-11-16;2007.8743;88
2007-11-17;2007.8770;90
2007-11-18;2007.8798;94
2007-11-19;2007.8825;101
2007-11-20;2007.8852;102
2007-11-22;2007.8907;109
2007-11-23;2007.8934;114
2007-11-24;2007.8962;117
2007-11-25;2007.8989;121
2007-11-27;2007.9044;122
2007-11-28;2007.9071;123
2007-11-29;2007.9098;125
2007-11-30;2007.9126;127
2007-12-01;2007.9153;130
2007-12-02;2007.9180;142
2007-12-03;2007.9208;143
2007-12-04;2007.9235;155
2007-12-05;2007.9262;156
2007-12-06;2007.9290;161
2007-12-07;2007.9317;163
2007-12-11;2007.9426;164
2007-12-12;2007.9454;167
2007-12-13;2007.9481;168
2007-12-14;2007.9508;169
2007-12-15;2007.9536;172
2007-12-17;2007.9590;175
2007-12-18;2007.9617;182
2007-12-19;2007.9645;183
2007-12-20;2007.9672;185
2007-12-21;2007.9699;188
2007-12-22;2007.9727;193
2007-12-23;2007.9754;194
2007-12-24;2007.9781;195
2007-12-26;2007.9836;198
2007-12-28;2007.9891;206
2007-12-29;2007.9918;208
2007-12-30;2007.9945;213
2007-12-31;2007.9973;215
2008-01-01;2008.0027;216
2008-01-02;2008.0055;217
2008-01-03;2008.0082;228
2008-01-04;2008.0109;242
2008-01-05;2008.0137;243
2008-01-06;2008.0164;245
2008-01-07;2008.0191;246
2008-01-08;2008.0219;248
2008-01-09;2008.0246;251
2008-01-10;2008.0273;252
2008-01-11;2008.0301;257
2008-01-12;2008.0328;259
2008-01-13;2008.0355;261
2008-01-14;2008.0383;264
2008-01-18;2008.0492;280
2008-01-19;2008.0519;285
2008-01-20;2008.0546;299
2008-01-22;2008.0601;300
2008-01-23;2008.0628;302
2008-01-24;2008.0656;305
2008-01-25;2008.0683;309
2008-01-26;2008.0710;314
2008-01-27;2008.0738;326
2008-01-28;2008.0765;327
2008-01-29;2008.0792;328
2008-01-30;2008.0820;332
2008-02-01;2008.0874;336
2008-02-02;2008.0902;343
2008-02-03;2008.0929;351
2008-02-04;2008.0956;354
2008-02-08;2008.1066;356
2008-02-09;2008.1093;359
2008-02-10;2008.1120;360
2008-02-11;2008.1148;368
2008-02-12;2008.1175;374
2008-02-13;2008.1202;378
2008-02-14;2008.1230;379
2008-02-15;2008.1257;380
2008-02-16;2008.1284;383
2008-02-17;2008.1311;385
2008-02-18;2008.1339;386
2008-02-19;2008.1366;388
2008-02-20;2008.1393;389
2008-02-21;2008.1421;391
2008-02-22;2008.1448;392
2008-02-23;2008.1475;393
2008-02-24;2008.1503;394
2008-02-25;2008.1530;395
2008-02-26;2008.1557;404
2008-02-27;2008.1585;416
2008-02-28;2008.1612;420
2008-02-29;2008.1639;426
2008-03-01;2008.1667;427
2008-03-02;2008.1694;430
2008-03-03;2008.1721;438
2008-03-04;2008.1749;441
2008-03-06;2008.1803;445
2008-03-08;2008.1858;448
2008-03-09;2008.1885;451
2008-03-10;2008.1913;452
2008-03-11;2008.1940;455
2008-03-14;2008.2022;459
2008-03-15;2008.2049;460
2008-03-16;2008.2077;465
2008-03-17;2008.2104;469
2008-03-18;2008.2131;471
2008-03-19;2008.2158;472
2008-03-20;2008.2186;477
2008-03-21;2008.2213;478
2008-03-22;2008.2240;489
2008-03-23;2008.2268;497
2008-03-24;2008.2295;502
2008-03-25;2008.2322;505
2008-03-26;2008.2350;508
2008-03-28;2008.2404;514
2008-03-29;2008.2432;517
2008-03-30;2008.2459;520
2008-03-31;2008.2486;524
2008-04-01;2008.2514;527
2008-04-02;2008.2541;528
2008-04-03;2008.2568;542
2008-04-04;2008.2596;547
2008-04-05;2008.2623;549
2008-04-06;2008.2650;555
2008-04-07;2008.2678;566
2008-04-08;2008.2705;572
2008-04-09;2008.2732;577
2008-04-10;2008.2760;578
2008-04-11;2008.2787;582
2008-04-12;2008.2814;584
2008-04-13;2008.2842;585
2008-04-14;2008.2869;586
2008-04-15;2008.2896;592
2008-04-16;2008.2923;598
2008-04-17;2008.2951;601
2008-04-18;2008.2978;607
2008-04-19;2008.3005;610
2008-04-20;2008.3033;615
2008-04-21;2008.3060;620
2008-04-22;2008.3087;624
2008-04-23;2008.3115;627
2008-04-25;2008.3169;630
2008-04-26;2008.3197;635
2008-04-27;2008.3224;644
2008-04-28;2008.3251;648
2008-04-29;2008.3279;650
2008-05-01;2008.3333;653
2008-05-02;2008.3361;664
2008-05-03;2008.3388;674
2008-05-04;2008.3415;677
2008-05-05;2008.3443;679
2008-05-06;2008.3470;682
2008-05-07;2008.3497;683
2008-05-08;2008.3525;688
2008-05-09;2008.3552;692
2008-05-10;2008.3579;695
2008-05-11;2008.3607;703
2008-05-12;2008.3634;716
2008-05-13;2008.3661;721
2008-05-14;2008.3689;729
2008-05-15;2008.3716;730
2008-05-16;2008.3743;731
2008-05-17;2008.3770;736
2008-05-18;2008.3798;745
2008-05-19;2008.3825;751
2008-05-20;2008.3852;754
2008-05-21;2008.3880;755
2008-05-22;2008.3907;764
2008-05-23;2008.3934;777
2008-05-24;2008.3962;779
2008-05-25;2008.3989;780
2008-05-26;2008.4016;786
2008-05-28;2008.4071;801
2008-05-29;2008.4098;802
2008-05-30;2008.4126;815
2008-05-31;2008.4153;826
2008-06-01;2008.4180;830
2008-06-02;2008.4208;836
2008-06-03;2008.4235;840
2008-06-04;2008.4262;845
2008-06-05;2008.4290;857
2008-06-06;2008.4317;865
2008-06-07;2008.4344;884
2008-06-08;2008.4372;885
2008-06-10;2008.4426;893
2008-06-11;2008.4454;895
2008-06-12;2008.4481;903
2008-06-13;2008.4508;914
2008-06-14;2008.4536;916
2008-06-15;2008.4563;926
2008-06-16;2008.4590;928
2008-06-17;2008.4617;929
2008-06-18;2008.4645;933
2008-06-19;2008.4672;937
2008-06-20;2008.4699;945
2008-06-21;2008.4727;948
2008-06-22;2008.4754;956
2008-06-23;2008.4781;962
2008-06-24;2008.4809;965
2008-06-25;2008.4836;970
2008-06-26;2008.4863;974
2008-06-27;2008.4891;981
2008-06-28;2008.4918;986
2008-06-29;2008.4945;987
2008-07-01;2008.5000;990
2008-07-02;2008.5027;991
2008-07-03;2008.5055;994
2008-07-04;2008.5082;1004
2008-07-05;2008.5109;1013
2008-07-06;2008.5137;1017
2008-07-07;2008.5164;1019
2008-07-08;2008.5191;1026
2008-07-09;2008.5219;1027
2008-07-10;2008.5246;1039
2008-07-11;2008.5273;1047
2008-07-12;2008.5301;1051
2008-07-13;2008.5328;1054
2008-07-16;2008.5410;1061
2008-07-17;2008.5437;1065
2008-07-18;2008.5464;1072
2008-07-19;2008.5492;1078
2008-07-20;2008.5519;1083
2008-07-21;2008.5546;1088
2008-07-22;2008.5574;1090
2008-07-23;2008.5601;1095
2008-07-24;2008.5628;1098
2008-07-25;2008.5656;1101
2008-07-26;2008.5683;1109
2008-07-27;2008.5710;1113
2008-07-28;2008.5738;1121
2008-07-29;2008.5765;1126
2008-07-31;2008.5820;1129
2008-08-01;2008.5847;1138
2008-08-02;2008.5874;1147
2008-08-03;2008.5902;1159
2008-08-04;2008.5929;1168
2008-08-05;2008.5956;1195
2008-08-06;2008.5984;1200
2008-08-07;2008.6011;1203
2008-08-08;2008.6038;1209
2008-08-09;2008.6066;1217
2008-08-10;2008.6093;1225
2008-08-11;2008.6120;1234
2008-08-12;2008.6148;1235
2008-08-13;2008.6175;1238
2008-08-14;2008.6202;1251
2008-08-15;2008.6230;1260
2008-08-16;2008.6257;1277
2008-08-17;2008.6284;1280
2008-08-18;2008.6311;1293
2008-08-19;2008.6339;1300
2008-08-20;2008.6366;1302
2008-08-21;2008.6393;1316
2008-08-22;2008.6421;1330
2008-08-23;2008.6448;1332
2008-08-24;2008.6475;1337
2008-08-25;2008.6503;1341
2008-08-26;2008.6530;1342
2008-08-27;2008.6557;1349
2008-08-28;2008.6585;1350
2008-08-29;2008.6612;1361
2008-08-30;2008.6639;1365
2008-08-31;2008.6667;1370
2008-09-01;2008.6694;1379
2008-09-02;2008.6721;1383
2008-09-03;2008.6749;1434
2008-09-04;2008.6776;1445
2008-09-05;2008.6803;1448
2008-09-06;2008.6831;1455
2008-09-07;2008.6858;1461
2008-09-08;2008.6885;1467
2008-09-09;2008.6913;1471
2008-09-10;2008.6940;1474
2008-09-11;2008.6967;1486
2008-09-12;2008.6995;1505
2008-09-13;2008.7022;1506
2008-09-14;2008.7049;1513
2008-09-15;2008.7077;1515
2008-09-16;2008.7104;1521
2008-09-17;2008.7131;1524
2008-09-18;2008.7158;1526
2008-09-19;2008.7186;1539
2008-09-20;2008.7213;1540
2008-09-21;2008.7240;1544
2008-09-22;2008.7268;1548
2008-09-23;2008.7295;1562
2008-09-24;2008.7322;1565
2008-09-25;2008.7350;1567
2008-09-26;2008.7377;1570
2008-09-27;2008.7404;1594
2008-09-28;2008.7432;1599
2008-09-29;2008.7459;1605
2008-09-30;2008.7486;1622
2008-10-01;2008.7514;1639
2008-10-02;2008.7541;1649
2008-10-03;2008.7568;1656
2008-10-04;2008.7596;1657
2008-10-06;2008.7650;1658
2008-10-07;2008.7678;1661
2008-10-08;2008.7705;1666
2008-10-09;2008.7732;1675
2008-10-10;2008.7760;1679
2008-10-11;2008.7787;1681
2008-10-12;2008.7814;1684
2008-10-13;2008.7842;1687
2008-10-15;2008.7896;1692
2008-10-16;2008.7923;1697
2008-10-17;2008.7951;1702
2008-10-18;2008.7978;1713
2008-10-19;2008.8005;1718
2008-10-20;2008.8033;1723
2008-10-21;2008.8060;1730
2008-10-22;2008.8087;1733
2008-10-23;2008.8115;1737
2008-10-24;2008.8142;1741
2008-10-25;2008.8169;1745
2008-10-26;2008.8197;1747
2008-10-27;2008.8224;1752
2008-10-28;2008.8251;1756
2008-10-29;2008.8279;1759
2008-10-30;2008.8306;1778
2008-10-31;2008.8333;1785
2008-11-01;2008.8361;1787
2008-11-02;2008.8388;1800
2008-11-03;2008.8415;1801
2008-11-04;2008.8443;1802
2008-11-05;2008.8470;1805
2008-11-06;2008.8497;1812
2008-11-08;2008.8552;1816
2008-11-09;2008.8579;1820
2008-11-10;2008.8607;1828
2008-11-11;2008.8634;1832
2008-11-12;2008.8661;1836
2008-11-13;2008.8689;1842
2008-11-14;2008.8716;1849
2008-11-15;2008.8743;1851
2008-11-16;2008.8770;1856
2008-11-17;2008.8798;1860
2008-11-18;2008.8825;1867
2008-11-19;2008.8852;1871
2008-11-20;2008.8880;1872
2008-11-21;2008.8907;1875
2008-11-22;2008.8934;1880
2008-11-23;2008.8962;1888
2008-11-24;2008.8989;1895
2008-11-25;2008.9016;1904
2008-11-26;2008.9044;1907
2008-11-27;2008.9071;1911
2008-11-28;2008.9098;1914
2008-11-29;2008.9126;1916
2008-11-30;2008.9153;1922
2008-12-02;2008.9208;1924
2008-12-03;2008.9235;1931
2008-12-04;2008.9262;1948
2008-12-05;2008.9290;1965
2008-12-06;2008.9317;1971
2008-12-07;2008.9344;1974
2008-12-08;2008.9372;1979
2008-12-09;2008.9399;1984
2008-12-11;2008.9454;1986
2008-12-12;2008.9481;1988
2008-12-13;2008.9508;1989
2008-12-14;2008.9536;1998
2008-12-15;2008.9563;2000
2008-12-16;2008.9590;2010
2008-12-17;2008.9617;2027
2008-12-18;2008.9645;2035
2008-12-19;2008.9672;2041
2008-12-20;2008.9699;2045
2008-12-21;2008.9727;2051
2008-12-22;2008.9754;2068
2008-12-23;2008.9781;2069
2008-12-24;2008.9809;2071
2008-12-25;2008.9836;2079
2008-12-26;2008.9863;2088
2008-12-27;2008.9891;2100
2008-12-28;2008.9918;2106
2008-12-29;2008.9945;2124
2008-12-30;2008.9973;2132
2008-12-31;2009.0000;2135
2009-01-01;2009.0027;2139
2009-01-02;2009.0055;2146
2009-01-03;2009.0082;2153
2009-01-04;2009.0109;2171
2009-01-05;2009.0137;2173
2009-01-06;2009.0164;2176
2009-01-07;2009.0191;2180
2009-01-08;2009.0219;2181
2009-01-09;2009.0246;2185
2009-01-10;2009.0273;2202
2009-01-11;2009.0301;2206
2009-01-12;2009.0328;2210
2009-01-13;2009.0355;2212
2009-01-14;2009.0383;2218
2009-01-15;2009.0410;2219
2009-01-16;2009.0437;2225
2009-01-17;2009.0464;2235
2009-01-18;2009.0492;2252
2009-01-19;2009.0519;2253
2009-01-20;2009.0546;2254
2009-01-22;2009.0601;2262
2009-01-23;2009.0628;2264
2009-01-24;2009.0656;2265
2009-01-25;2009.0683;2269
2009-01-26;2009.0710;2273
2009-01-27;2009.0738;2275
2009-01-28;2009.0765;2279
2009-01-29;2009.0792;2284
2009-01-30;2009.0820;2286
2009-01-31;2009.0847;2289
2009-02-01;2009.0874;2302
2009-02-02;2009.0902;2307
2009-02-03;2009.0929;2311
2009-02-04;2009.0956;2319
2009-02-05;2009.0984;2324
2009-02-06;2009.1011;2331
2009-02-07;2009.1038;2350
2009-02-08;2009.1066;2357
2009-02-09;2009.1093;2361
2009-02-10;2009.1120;2363
2009-02-11;2009.1148;2364
2009-02-12;2009.1175;2367
2009-02-13;2009.1202;2381
2009-02-14;2009.1230;2400
2009-02-15;2009.1257;2410
2009-02-16;2009.1284;2413
2009-02-17;2009.1311;2414
2009-02-18;2009.1339;2416
2009-02-20;2009.1393;2421
2009-02-21;2009.1421;2422
2009-02-22;2009.1448;2423
2009-02-23;2009.1475;2424
2009-02-24;2009.1503;2427
2009-02-25;2009.1530;2443
2009-02-26;2009.1557;2449
2009-02-27;2009.1585;2454
2009-02-28;2009.1612;2456
2009-03-01;2009.1639;2464
2009-03-02;2009.1667;2467
2009-03-03;2009.1694;2477
2009-03-04;2009.1721;2485
2009-03-05;2009.1749;2489
2009-03-06;2009.1776;2496
2009-03-07;2009.1803;2500
2009-03-08;2009.1831;2504
2009-03-09;2009.1858;2508
2009-03-10;2009.1885;2513
2009-03-11;2009.1913;2514
2009-03-12;2009.1940;2516
2009-03-13;2009.1967;2523
2009-03-14;2009.1995;2528
2009-03-15;2009.2022;2541
2009-03-16;2009.2049;2544
2009-03-17;2009.2077;2549
2009-03-18;2009.2104;2553
2009-03-19;2009.2131;2556
2009-03-20;2009.2158;2557
2009-03-21;2009.2186;2571
2009-03-22;2009.2213;2577
2009-03-23;2009.2240;2580
2009-03-24;2009.2268;2587
2009-03-25;2009.2295;2588
2009-03-26;2009.2322;2606
2009-03-27;2009.2350;2615
2009-03-28;2009.2377;2621
2009-03-29;2009.2404;2624
2009-03-30;2009.2432;2628
2009-03-31;2009.2459;2636
2009-04-01;2009.2486;2656
2009-04-02;2009.2514;2665
2009-04-03;2009.2541;2667
2009-04-04;2009.2568;2698
2009-04-05;2009.2596;2702
2009-04-06;2009.2623;2704
2009-04-07;2009.2650;2717
2009-04-08;2009.2678;2720
2009-04-09;2009.2705;2736
2009-04-10;2009.2732;2746
2009-04-11;2009.2760;2754
2009-04-12;2009.2787;2761
2009-04-13;2009.2814;2773
2009-04-14;2009.2842;2784
2009-04-15;2009.2869;2794
2009-04-16;2009.2896;2799
2009-04-17;2009.2923;2811
2009-04-18;2009.2951;2816
2009-04-19;2009.2978;2826
2009-04-20;2009.3005;2829
2009-04-21;2009.3033;2857
2009-04-22;2009.3060;2879
2009-04-23;2009.3087;2887
2009-04-24;2009.3115;2900
2009-04-25;2009.3142;2913
2009-04-26;2009.3169;2919
2009-04-27;2009.3197;2930
2009-04-28;2009.3224;2935
2009-04-29;2009.3251;2943
2009-04-30;2009.3279;2959
2009-05-01;2009.3306;2968
2009-05-02;2009.3333;2987
2009-05-03;2009.3361;2997
2009-05-04;2009.3388;3004
2009-05-05;2009.3415;3015
2009-05-06;2009.3443;3021
2009-05-07;2009.3470;3029
2009-05-08;2009.3497;3039
2009-05-09;2009.3525;3051
2009-05-10;2009.3552;3074
2009-05-11;2009.3579;3083
2009-05-12;2009.3607;3097
2009-05-13;2009.3634;3100
2009-05-14;2009.3661;3108
2009-05-15;2009.3689;3114
2009-05-16;2009.3716;3117
2009-05-17;2009.3743;3135
2009-05-18;2009.3770;3140
2009-05-19;2009.3798;3144
2009-05-20;2009.3825;3158
2009-05-21;2009.3852;3164
2009-05-22;2009.3880;3168
2009-05-23;2009.3907;3171
2009-05-24;2009.3934;3181
2009-05-25;2009.3962;3190
2009-05-26;2009.3989;3196
2009-05-27;2009.4016;3200
2009-05-28;2009.4044;3210
2009-05-29;2009.4071;3220
2009-05-30;2009.4098;3223
2009-05-31;2009.4126;3233
2009-06-01;2009.4153;3240
2009-06-02;2009.4180;3245
2009-06-03;2009.4208;3250
2009-06-04;2009.4235;3277
2009-06-05;2009.4262;3288
2009-06-06;2009.4290;3295
2009-06-07;2009.4317;3302
2009-06-08;2009.4344;3309
2009-06-09;2009.4372;3316
2009-06-10;2009.4399;3322
2009-06-11;2009.4426;3334
2009-06-12;2009.4454;3349
2009-06-13;2009.4481;3361
2009-06-14;2009.4508;3371
2009-06-15;2009.4536;3373
2009-06-16;2009.4563;3381
2009-06-17;2009.4590;3395
2009-06-18;2009.4617;3400
2009-06-19;2009.4645;3406
2009-06-20;2009.4672;3434
2009-06-21;2009.4699;3438
2009-06-22;2009.4727;3443
2009-06-23;2009.4754;3457
2009-06-24;2009.4781;3459
2009-06-25;2009.4809;3467
2009-06-26;2009.4836;3472
2009-06-27;2009.4863;3474
2009-06-28;2009.4891;3481
2009-06-29;2009.4918;3494
2009-06-30;2009.4945;3520
2009-07-01;2009.4973;3523
2009-07-02;2009.5000;3529
2009-07-03;2009.5027;3531
2009-07-04;2009.5055;3537
2009-07-05;2009.5082;3547
2009-07-06;2009.5109;3551
2009-07-07;2009.5137;3554
2009-07-08;2009.5164;3561
2009-07-09;2009.5191;3575
2009-07-10;2009.5219;3590
2009-07-11;2009.5246;3594
2009-07-12;2009.5273;3607
2009-07-13;2009.5301;3615
2009-07-14;2009.5328;3635
2009-07-15;2009.5355;3646
2009-07-16;2009.5383;3661
2009-07-17;2009.5410;3681
2009-07-19;2009.5464;3691
2009-07-20;2009.5492;3697
2009-07-21;2009.5519;3705
2009-07-22;2009.5546;3721
2009-07-23;2009.5574;3729
2009-07-24;2009.5601;3742
2009-07-25;2009.5628;3747
2009-07-26;2009.5656;3752
2009-07-27;2009.5683;3763
2009-07-28;2009.5710;3795
2009-07-29;2009.5738;3796
2009-07-30;2009.5765;3803
2009-07-31;2009.5792;3813
2009-08-01;2009.5820;3822
2009-08-02;2009.5847;3845
2009-08-03;2009.5874;3853
2009-08-04;2009.5902;3855
2009-08-05;2009.5929;3870
2009-08-06;2009.5956;3877
2009-08-07;2009.5984;3893
2009-08-08;2009.6011;3895
2009-08-09;2009.6038;3903
2009-08-10;2009.6066;3906
2009-08-11;2009.6093;3927
2009-08-12;2009.6120;3949
2009-08-13;2009.6148;3969
2009-08-14;2009.6175;3984
2009-08-15;2009.6202;3997
2009-08-16;2009.6230;4004
2009-08-17;2009.6257;4017
2009-08-18;2009.6284;4038
2009-08-19;2009.6311;4060
2009-08-20;2009.6339;4075
2009-08-21;2009.6366;4083
2009-08-22;2009.6393;4092
2009-08-23;2009.6421;4112
2009-08-24;2009.6448;4122
2009-08-25;2009.6475;4139
2009-08-26;2009.6503;4145
2009-08-27;2009.6530;4148
2009-08-28;2009.6557;4155
2009-08-29;2009.6585;4168
2009-08-30;2009.6612;4187
2009-08-31;2009.6639;4213
2009-09-01;2009.6667;4227
2009-09-02;2009.6694;4252
2009-09-03;2009.6721;4261
2009-09-04;2009.6749;4275
2009-09-05;2009.6776;4308
2009-09-06;2009.6803;4331
2009-09-07;2009.6831;4359
2009-09-08;2009.6858;4386
2009-09-09;2009.6885;4408
2009-09-10;2009.6913;4411
2009-09-11;2009.6940;4425
2009-09-12;2009.6967;4452
2009-09-13;2009.6995;4483
2009-09-14;2009.7022;4539
2009-09-15;2009.7049;4557
2009-09-16;2009.7077;4562
2009-09-17;2009.7104;4567
2009-09-18;2009.7131;4583
2009-09-19;2009.7158;4602
2009-09-20;2009.7186;4614
2009-09-21;2009.7213;4638
2009-09-22;2009.7240;4657
2009-09-23;2009.7268;4669
2009-09-24;2009.7295;4677
2009-09-25;2009.7322;4681
2009-09-26;2009.7350;4695
2009-09-27;2009.7377;4702
2009-09-28;2009.7404;4722
2009-09-29;2009.7432;4795
2009-09-30;2009.7459;4813
2009-10-01;2009.7486;4820
2009-10-02;2009.7514;4844
2009-10-03;2009.7541;4872
2009-10-04;2009.7568;4882
2009-10-05;2009.7596;4898
2009-10-06;2009.7623;4904
2009-10-07;2009.7650;4925
2009-10-08;2009.7678;4967
2009-10-09;2009.7705;4997
2009-10-10;2009.7732;5002
2009-10-11;2009.7760;5021
2009-10-12;2009.7787;5071
2009-10-13;2009.7814;5082
2009-10-14;2009.7842;5110
2009-10-15;2009.7869;5139
2009-10-16;2009.7896;5158
2009-10-17;2009.7923;5179
2009-10-18;2009.7951;5194
2009-10-19;2009.7978;5199
2009-10-20;2009.8005;5243
2009-10-21;2009.8033;5269
2009-10-22;2009.8060;5301
2009-10-23;2009.8087;5337
2009-10-24;2009.8115;5348
2009-10-25;2009.8142;5362
2009-10-26;2009.8169;5376
2009-10-27;2009.8197;5388
2009-10-29;2009.8251;5397
2009-10-30;2009.8279;5398
2009-10-31;2009.8306;5417
2009-11-01;2009.8333;5425
2009-11-02;2009.8361;5439
2009-11-03;2009.8388;5464
2009-11-04;2009.8415;5483
2009-11-05;2009.8443;5509
2009-11-06;2009.8470;5518
2009-11-07;2009.8497;5544
2009-11-08;2009.8525;5566
2009-11-09;2009.8552;5579
2009-11-10;2009.8579;5591
2009-11-11;2009.8607;5600
2009-11-12;2009.8634;5613
2009-11-13;2009.8661;5637
2009-11-14;2009.8689;5644
2009-11-15;2009.8716;5653
2009-11-16;2009.8743;5667
2009-11-17;2009.8770;5685
2009-11-18;2009.8798;5690
2009-11-19;2009.8825;5719
2009-11-20;2009.8852;5752
2009-11-21;2009.8880;5768
2009-11-22;2009.8907;5785
2009-11-23;2009.8934;5820
2009-11-24;2009.8962;5826
2009-11-25;2009.8989;5833
2009-11-26;2009.9016;5843
2009-11-27;2009.9044;5844
2009-11-28;2009.9071;5851
2009-11-29;2009.9098;5875
2009-11-30;2009.9126;5900
2009-12-01;2009.9153;5946
2009-12-02;2009.9180;5966
2009-12-03;2009.9208;5972
2009-12-04;2009.9235;5988
2009-12-05;2009.9262;5992
2009-12-06;2009.9290;6013
2009-12-07;2009.9317;6041
2009-12-08;2009.9344;6042
2009-12-10;2009.9399;6047
2009-12-11;2009.9426;6067
2009-12-12;2009.9454;6076
2009-12-13;2009.9481;6114
2009-12-14;2009.9508;6120
2009-12-15;2009.9536;6165
2009-12-16;2009.9563;6184
2009-12-17;2009.9590;6204
2009-12-18;2009.9617;6212
2009-12-19;2009.9645;6214
2009-12-24;2009.9781;6247
2009-12-25;2009.9809;6272
2009-12-26;2009.9836;6300
2009-12-27;2009.9863;6326
2009-12-28;2009.9891;6334
2009-12-29;2009.9918;6343
2009-12-30;2009.9945;6365
2009-12-31;2009.9973;6368
2010-01-01;2010.0027;6401
2010-01-02;2010.0055;6421
2010-01-03;2010.0082;6427
2010-01-04;2010.0109;6441
2010-01-05;2010.0137;6457
2010-01-06;2010.0164;6468
2010-01-07;2010.0191;6483
2010-01-08;2010.0219;6513
2010-01-09;2010.0246;6532
2010-01-10;2010.0273;6549
2010-01-11;2010.0301;6564
2010-01-12;2010.0328;6578
2010-01-13;2010.0355;6587
2010-01-14;2010.0383;6601
2010-01-15;2010.0410;6623
2010-01-16;2010.0437;6639
2010-01-17;2010.0464;6661
2010-01-18;2010.0492;6676
2010-01-19;2010.0519;6700
2010-01-20;2010.0546;6702
2010-01-21;2010.0574;6724
2010-01-22;2010.0601;6733
2010-01-23;2010.0628;6742
2010-01-24;2010.0656;6746
2010-01-25;2010.0683;6751
2010-01-26;2010.0710;6764
2010-01-27;2010.0738;6780
2010-01-28;2010.0765;6787
2010-01-29;2010.0792;6789
2010-01-30;2010.0820;6796
2010-01-31;2010.0847;6797
2010-02-01;2010.0874;6804
2010-02-02;2010.0902;6812
2010-02-03;2010.0929;6818
2010-02-05;2010.0984;6825
2010-02-06;2010.1011;6827
2010-02-07;2010.1038;6828
2010-02-08;2010.1066;6840
2010-02-09;2010.1093;6854
2010-02-10;2010.1120;6876
2010-02-11;2010.1148;6882
2010-02-12;2010.1175;6890
2010-02-13;2010.1202;6898
2010-02-14;2010.1230;6910
2010-02-15;2010.1257;6912
2010-02-16;2010.1284;6917
2010-02-17;2010.1311;6923
2010-02-18;2010.1339;6929
2010-02-19;2010.1366;6944
2010-02-20;2010.1393;6950
2010-02-21;2010.1421;6967
2010-02-22;2010.1448;6994
2010-02-23;2010.1475;7000
2010-02-24;2010.1503;7009
2010-02-25;2010.1530;7018
2010-02-26;2010.1557;7020
2010-02-27;2010.1585;7029
2010-02-28;2010.1612;7050
2010-03-01;2010.1639;7052
2010-03-02;2010.1667;7059
2010-03-03;2010.1694;7066
2010-03-04;2010.1721;7099
2010-03-05;2010.1749;7121
2010-03-06;2010.1776;7152
2010-03-07;2010.1803;7158
2010-03-08;2010.1831;7163
2010-03-09;2010.1858;7176
2010-03-10;2010.1885;7182
2010-03-11;2010.1913;7185
2010-03-12;2010.1940;7193
2010-03-13;2010.1967;7211
2010-03-14;2010.1995;7232
2010-03-15;2010.2022;7235
2010-03-16;2010.2049;7241
2010-03-17;2010.2077;7243
2010-03-18;2010.2104;7246
2010-03-19;2010.2131;7267
2010-03-20;2010.2158;7272
2010-03-21;2010.2186;7292
2010-03-22;2010.2213;7318
2010-03-23;2010.2240;7336
2010-03-24;2010.2268;7355
2010-03-25;2010.2295;7391
2010-03-26;2010.2322;7406
2010-03-27;2010.2350;7415
2010-03-28;2010.2377;7428
2010-03-29;2010.2404;7439
2010-03-30;2010.2432;7475
2010-03-31;2010.2459;7500
2010-04-01;2010.2486;7524
2010-04-02;2010.2514;7528
2010-04-03;2010.2541;7551
2010-04-04;2010.2568;7576
2010-04-05;2010.2596;7610
2010-04-06;2010.2623;7626
2010-04-07;2010.2650;7654
2010-04-08;2010.2678;7665
2010-04-09;2010.2705;7677
2010-04-10;2010.2732;7698
2010-04-11;2010.2760;7727
2010-04-12;2010.2787;7732
2010-04-13;2010.2814;7736
2010-04-14;2010.2842;7749
2010-04-15;2010.2869;7757
2010-04-16;2010.2896;7797
2010-04-17;2010.2923;7808
2010-04-18;2010.2951;7811
2010-04-19;2010.2978;7822
2010-04-20;2010.3005;7837
2010-04-21;2010.3033;7848
2010-04-22;2010.3060;7860
2010-04-23;2010.3087;7876
2010-04-24;2010.3115;7885
2010-04-25;2010.3142;7899
2010-04-26;2010.3169;7911
2010-04-27;2010.3197;7937
2010-04-28;2010.3224;7958
2010-04-29;2010.3251;7972
2010-04-30;2010.3279;7988
2010-05-01;2010.3306;8003
2010-05-02;2010.3333;8029
2010-05-03;2010.3361;8073
2010-05-04;2010.3388;8074
2010-05-05;2010.3415;8081
2010-05-06;2010.3443;8086
2010-05-07;2010.3470;8092
2010-05-08;2010.3497;8096
2010-05-09;2010.3525;8108
2010-05-10;2010.3552;8122
2010-05-11;2010.3579;8130
2010-05-12;2010.3607;8138
2010-05-13;2010.3634;8148
2010-05-14;2010.3661;8158
2010-05-15;2010.3689;8170
2010-05-16;2010.3716;8197
2010-05-17;2010.3743;8213
2010-05-18;2010.3770;8235
2010-05-19;2010.3798;8247
2010-05-20;2010.3825;8256
2010-05-21;2010.3852;8273
2010-05-22;2010.3880;8287
2010-05-23;2010.3907;8308
2010-05-24;2010.3934;8312
2010-05-25;2010.3962;8325
2010-05-26;2010.3989;8342
2010-05-27;2010.4016;8351
2010-05-28;2010.4044;8362
2010-05-29;2010.4071;8398
2010-05-30;2010.4098;8413
2010-05-31;2010.4126;8439
2010-06-01;2010.4153;8444
2010-06-02;2010.4180;8485
2010-06-03;2010.4208;8510
2010-06-05;2010.4262;8534
2010-06-06;2010.4290;8552
2010-06-07;2010.4317;8594
2010-06-08;2010.4344;8598
2010-06-09;2010.4372;8604
2010-06-10;2010.4399;8616
2010-06-11;2010.4426;8617
2010-06-12;2010.4454;8654
2010-06-13;2010.4481;8662
2010-06-14;2010.4508;8668
2010-06-15;2010.4536;8681
2010-06-16;2010.4563;8689
2010-06-17;2010.4590;8695
2010-06-18;2010.4617;8706
2010-06-19;2010.4645;8731
2010-06-20;2010.4672;8745
2010-06-21;2010.4699;8759
2010-06-22;2010.4727;8774
2010-06-23;2010.4754;8787
2010-06-24;2010.4781;8819
2010-06-25;2010.4809;8828
2010-06-26;2010.4836;8841
2010-06-27;2010.4863;8848
2010-06-28;2010.4891;8853
2010-06-29;2010.4918;8862
2010-06-30;2010.4945;8882
2010-07-01;2010.4973;8889
2010-07-02;2010.5000;8895
2010-07-03;2010.5027;8899
2010-07-04;2010.5055;8904
2010-07-05;2010.5082;8920
2010-07-06;2010.5109;8928
2010-07-07;2010.5137;8934
2010-07-08;2010.5164;8938
2010-07-09;2010.5191;8944
2010-07-10;2010.5219;8961
2010-07-11;2010.5246;8984
2010-07-12;2010.5273;8990
2010-07-13;2010.5301;9013
2010-07-14;2010.5328;9015
2010-07-15;2010.5355;9027
2010-07-16;2010.5383;9031
2010-07-17;2010.5410;9060
2010-07-18;2010.5437;9068
2010-07-19;2010.5464;9070
2010-07-20;2010.5492;9081
2010-07-21;2010.5519;9129
2010-07-22;2010.5546;9140
2010-07-23;2010.5574;9156
2010-07-24;2010.5601;9181
2010-07-25;2010.5628;9186
2010-07-26;2010.5656;9197
2010-07-27;2010.5683;9229
2010-07-28;2010.5710;9259
2010-07-29;2010.5738;9278
2010-07-30;2010.5765;9284
2010-07-31;2010.5792;9285
2010-08-01;2010.5820;9301
2010-08-02;2010.5847;9311
2010-08-03;2010.5874;9385
2010-08-04;2010.5902;9413
2010-08-05;2010.5929;9420
2010-08-06;2010.5956;9443
2010-08-07;2010.5984;9453
2010-08-08;2010.6011;9459
2010-08-09;2010.6038;9549
2010-08-10;2010.6066;9575
2010-08-11;2010.6093;9602
2010-08-12;2010.6120;9617
2010-08-13;2010.6148;9635
2010-08-14;2010.6175;9643
2010-08-15;2010.6202;9675
2010-08-16;2010.6230;9708
2010-08-17;2010.6257;9714
2010-08-18;2010.6284;9721
2010-08-19;2010.6311;9738
2010-08-20;2010.6339;9751
2010-08-21;2010.6366;9769
2010-08-22;2010.6393;9773
2010-08-23;2010.6421;9779
2010-08-24;2010.6448;9805
2010-08-25;2010.6475;9815
2010-08-26;2010.6503;9829
2010-08-27;2010.6530;9844
2010-08-28;2010.6557;9856
2010-08-29;2010.6585;9866
2010-08-30;2010.6612;9884
2010-08-31;2010.6639;9896
2010-09-01;2010.6667;9906
2010-09-02;2010.6694;9912
2010-09-03;2010.6721;9923
2010-09-04;2010.6749;9937
2010-09-05;2010.6776;9976
2010-09-06;2010.6803;9994
2010-09-07;2010.6831;10008
2010-09-08;2010.6858;10021
2010-09-09;2010.6885;10035
2010-09-10;2010.6913;10042
2010-09-11;2010.6940;10051
2010-09-12;2010.6967;10064
2010-09-13;2010.6995;10075
2010-09-14;2010.7022;10080
2010-09-15;2010.7049;10088
2010-09-16;2010.7077;10094
2010-09-17;2010.7104;10099
2010-09-18;2010.7131;10106
2010-09-19;2010.7158;10126
2010-09-20;2010.7186;10140
2010-09-21;2010.7213;10150
2010-09-22;2010.7240;10178
2010-09-23;2010.7268;10188
2010-09-24;2010.7295;10192
2010-09-25;2010.7322;10219
2010-09-26;2010.7350;10234
2010-09-27;2010.7377;10242
2010-09-28;2010.7404;10252
2010-09-29;2010.7432;10264
2010-09-30;2010.7459;10269
2010-10-01;2010.7486;10283
2010-10-02;2010.7514;10303
2010-10-03;2010.7541;10320
2010-10-04;2010.7568;10336
2010-10-05;2010.7596;10342
2010-10-06;2010.7623;10356
2010-10-07;2010.7650;10380
2010-10-08;2010.7678;10390
2010-10-09;2010.7705;10402
2010-10-10;2010.7732;10414
2010-10-11;2010.7760;10438
2010-10-12;2010.7787;10447
2010-10-13;2010.7814;10523
2010-10-14;2010.7842;10603
2010-10-15;2010.7869;10611
2010-10-16;2010.7896;10623
2010-10-17;2010.7923;10642
2010-10-18;2010.7951;10652
2010-10-19;2010.7978;10671
2010-10-20;2010.8005;10688
2010-10-21;2010.8033;10704
2010-10-22;2010.8060;10715
2010-10-23;2010.8087;10731
2010-10-24;2010.8115;10775
2010-10-25;2010.8142;10788
2010-10-26;2010.8169;10792
2010-10-27;2010.8197;10810
2010-10-28;2010.8224;10816
2010-10-29;2010.8251;10822
2010-10-30;2010.8279;10829
2010-10-31;2010.8306;10838
2010-11-01;2010.8333;10847
2010-11-02;2010.8361;10852
2010-11-03;2010.8388;10866
2010-11-04;2010.8415;10889
2010-11-05;2010.8443;10896
2010-11-06;2010.8470;10916
2010-11-07;2010.8497;10941
2010-11-08;2010.8525;10953
2010-11-09;2010.8552;10970
2010-11-10;2010.8579;10983
2010-11-11;2010.8607;11026
2010-11-12;2010.8634;11040
2010-11-13;2010.8661;11054
2010-11-14;2010.8689;11068
2010-11-15;2010.8716;11072
2010-11-16;2010.8743;11080
2010-11-17;2010.8770;11081
2010-11-18;2010.8798;11088
2010-11-19;2010.8825;11161
2010-11-20;2010.8852;11204
2010-11-21;2010.8880;11211
2010-11-22;2010.8907;11221
2010-11-23;2010.8934;11230
2010-11-24;2010.8962;11241
2010-11-25;2010.8989;11261
2010-11-26;2010.9016;11263
2010-11-27;2010.9044;11301
2010-11-28;2010.9071;11304
2010-11-29;2010.9098;11305
2010-11-30;2010.9126;11319
2010-12-01;2010.9153;11329
2010-12-02;2010.9180;11330
2010-12-03;2010.9208;11336
2010-12-04;2010.9235;11339
2010-12-05;2010.9262;11343
2010-12-06;2010.9290;11348
2010-12-07;2010.9317;11351
2010-12-08;2010.9344;11371
2010-12-09;2010.9372;11376
2010-12-10;2010.9399;11414
2010-12-11;2010.9426;11419
2010-12-12;2010.9454;11424
2010-12-13;2010.9481;11428
2010-12-14;2010.9508;11436
2010-12-15;2010.9536;11444
2010-12-16;2010.9563;11451
2010-12-17;2010.9590;11455
2010-12-18;2010.9617;11459
2010-12-19;2010.9645;11467
2010-12-20;2010.9672;11475
2010-12-21;2010.9699;11477
2010-12-22;2010.9727;11514
2010-12-23;2010.9754;11528
2010-12-24;2010.9781;11558
2010-12-25;2010.9809;11562
2010-12-26;2010.9836;11564
2010-12-27;2010.9863;11571
2010-12-28;2010.9891;11574
2010-12-29;2010.9918;11583
2010-12-30;2010.9945;11588
2010-12-31;2010.9973;11595
2011-01-01;2011.0027;11604
2011-01-02;2011.0055;11617
2011-01-03;2011.0082;11630
2011-01-04;2011.0109;11635
2011-01-05;2011.0137;11647
2011-01-06;2011.0164;11652
2011-01-07;2011.0191;11668
2011-01-08;2011.0219;11674
2011-01-10;2011.0273;11697
2011-01-11;2011.0301;11700
2011-01-12;2011.0328;11715
2011-01-13;2011.0355;11719
2011-01-14;2011.0383;11721
2011-01-15;2011.0410;11726
2011-01-16;2011.0437;11734
2011-01-17;2011.0464;11746
2011-01-18;2011.0492;11756
2011-01-19;2011.0519;11763
2011-01-20;2011.0546;11766
2011-01-21;2011.0574;11792
2011-01-22;2011.0601;11821
2011-01-23;2011.0628;11902
2011-01-24;2011.0656;11911
2011-01-25;2011.0683;11918
2011-01-26;2011.0710;11924
2011-01-27;2011.0738;11944
2011-01-28;2011.0765;11977
2011-01-29;2011.0792;11992
2011-01-30;2011.0820;12002
2011-01-31;2011.0847;12006
2011-02-01;2011.0874;12013
2011-02-02;2011.0902;12024
2011-02-03;2011.0929;12028
2011-02-04;2011.0956;12035
2011-02-05;2011.0984;12053
2011-02-06;2011.1011;12058
2011-02-07;2011.1038;12059
2011-02-08;2011.1066;12067
2011-02-09;2011.1093;12072
2011-02-10;2011.1120;12082
2011-02-11;2011.1148;12097
2011-02-12;2011.1175;12101
2011-02-13;2011.1202;12113
2011-02-14;2011.1230;12116
2011-02-15;2011.1257;12126
2011-02-16;2011.1284;12129
2011-02-17;2011.1311;12134
2011-02-18;2011.1339;12145
2011-02-19;2011.1366;12186
2011-02-20;2011.1393;12206
2011-02-21;2011.1421;12211
2011-02-22;2011.1448;12229
2011-02-23;2011.1475;12232
2011-02-24;2011.1503;12242
2011-02-25;2011.1530;12250
2011-02-26;2011.1557;12264
2011-02-27;2011.1585;12290
2011-02-28;2011.1612;12293
2011-03-01;2011.1639;12299
2011-03-02;2011.1667;12308
2011-03-03;2011.1694;12316
2011-03-04;2011.1721;12324
2011-03-05;2011.1749;12335
2011-03-06;2011.1776;12343
2011-03-07;2011.1803;12350
2011-03-08;2011.1831;12367
2011-03-09;2011.1858;12375
2011-03-10;2011.1885;12389
2011-03-11;2011.1913;12393
2011-03-12;2011.1940;12398
2011-03-13;2011.1967;12423
2011-03-14;2011.1995;12439
2011-03-15;2011.2022;12456
2011-03-16;2011.2049;12462
2011-03-17;2011.2077;12471
2011-03-18;2011.2104;12498
2011-03-19;2011.2131;12503
2011-03-20;2011.2158;12520
2011-03-21;2011.2186;12534
2011-03-22;2011.2213;12555
2011-03-23;2011.2240;12571
2011-03-24;2011.2268;12591
2011-03-25;2011.2295;12616
2011-03-26;2011.2322;12630
2011-03-27;2011.2350;12654
2011-03-28;2011.2377;12671
2011-03-29;2011.2404;12677
2011-03-30;2011.2432;12685
2011-03-31;2011.2459;12687
2011-04-01;2011.2486;12698
2011-04-02;2011.2514;12705
2011-04-03;2011.2541;12707
2011-04-04;2011.2568;12720
2011-04-05;2011.2596;12735
2011-04-06;2011.2623;12742
2011-04-07;2011.2650;12756
2011-04-08;2011.2678;12764
2011-04-09;2011.2705;12769
2011-04-10;2011.2732;12786
2011-04-11;2011.2760;12795
2011-04-12;2011.2787;12819
2011-04-13;2011.2814;12834
2011-04-14;2011.2842;12846
2011-04-15;2011.2869;12867
2011-04-16;2011.2896;12882
2011-04-17;2011.2923;12910
2011-04-18;2011.2951;12942
2011-04-19;2011.2978;12967
2011-04-20;2011.3005;12983
2011-04-21;2011.3033;12998
2011-04-22;2011.3060;13010
2011-04-23;2011.3087;13025
2011-04-24;2011.3115;13045
2011-04-25;2011.3142;13063
2011-04-26;2011.3169;13107
2011-04-27;2011.3197;13145
2011-04-28;2011.3224;13159
2011-04-29;2011.3251;13191
2011-04-30;2011.3279;13220
2011-05-01;2011.3306;13255
2011-05-02;2011.3333;13275
2011-05-03;2011.3361;13322
2011-05-04;2011.3388;13327
2011-05-05;2011.3415;13343
2011-05-06;2011.3443;13354
2011-05-07;2011.3470;13373
2011-05-08;2011.3497;13390
2011-05-09;2011.3525;13401
2011-05-10;2011.3552;13463
2011-05-11;2011.3579;13481
2011-05-12;2011.3607;13499
2011-05-13;2011.3634;13526
2011-05-14;2011.3661;13550
2011-05-15;2011.3689;13584
2011-05-16;2011.3716;13599
2011-05-17;2011.3743;13619
2011-05-18;2011.3770;13653
2011-05-19;2011.3798;13672
2011-05-20;2011.3825;13686
2011-05-21;2011.3852;13688
2011-05-22;2011.3880;13707
2011-05-23;2011.3907;13717
2011-05-24;2011.3934;13734
2011-05-25;2011.3962;13762
2011-05-26;2011.3989;13778
2011-05-27;2011.4016;13814
2011-05-28;2011.4044;13822
2011-05-29;2011.4071;13840
2011-05-30;2011.4098;13857
2011-05-31;2011.4126;13883
2011-06-01;2011.4153;13896
2011-06-02;2011.4180;13924
2011-06-03;2011.4208;13940
2011-06-04;2011.4235;13953
2011-06-05;2011.4262;13968
2011-06-06;2011.4290;13971
2011-06-07;2011.4317;13979
2011-06-08;2011.4344;14017
2011-06-09;2011.4372;14024
2011-06-10;2011.4399;14038
2011-06-11;2011.4426;14046
2011-06-12;2011.4454;14067
2011-06-13;2011.4481;14082
2011-06-14;2011.4508;14107
2011-06-15;2011.4536;14136
2011-06-16;2011.4563;14183
2011-06-17;2011.4590;14210
2011-06-18;2011.4617;14228
2011-06-19;2011.4645;14267
2011-06-20;2011.4672;14297
2011-06-21;2011.4699;14349
2011-06-22;2011.4727;14358
2011-06-23;2011.4754;14374
2011-06-24;2011.4781;14410
2011-06-25;2011.4809;14450
2011-06-26;2011.4836;14483
2011-06-27;2011.4863;14550
2011-06-28;2011.4891;14580
2011-06-29;2011.4918;14589
2011-06-30;2011.4945;14601
2011-07-01;2011.4973;14615
2011-07-02;2011.5000;14632
2011-07-03;2011.5027;14645
2011-07-04;2011.5055;14658
2011-07-05;2011.5082;14698
2011-07-06;2011.5109;14727
2011-07-07;2011.5137;14752
2011-07-08;2011.5164;14760
2011-07-09;2011.5191;14771
2011-07-10;2011.5219;14781
2011-07-11;2011.5246;14801
2011-07-12;2011.5273;14813
2011-07-13;2011.5301;14852
2011-07-14;2011.5328;14884
2011-07-15;2011.5355;14895
2011-07-16;2011.5383;14920
2011-07-17;2011.5410;14996
2011-07-18;2011.5437;15020
2011-07-19;2011.5464;15047
2011-07-20;2011.5492;15055
2011-07-21;2011.5519;15095
2011-07-22;2011.5546;15220
2011-07-23;2011.5574;15235
2011-07-24;2011.5601;15266
2011-07-25;2011.5628;15291
2011-07-26;2011.5656;15321
2011-07-27;2011.5683;15350
2011-07-28;2011.5710;15479
2011-07-29;2011.5738;15516
2011-07-30;2011.5765;15562
2011-07-31;2011.5792;15592
2011-08-01;2011.5820;15679
2011-08-02;2011.5847;15697
2011-08-03;2011.5874;15719
2011-08-04;2011.5902;15863
2011-08-05;2011.5929;15959
2011-08-06;2011.5956;15977
2011-08-07;2011.5984;15995
2011-08-08;2011.6011;16014
2011-08-09;2011.6038;16048
2011-08-10;2011.6066;16086
2011-08-11;2011.6093;16110
2011-08-12;2011.6120;16141
2011-08-13;2011.6148;16176
2011-08-14;2011.6175;16212
2011-08-15;2011.6202;16229
2011-08-16;2011.6230;16267
2011-08-17;2011.6257;16321
2011-08-18;2011.6284;16371
2011-08-19;2011.6311;16382
2011-08-20;2011.6339;16396
2011-08-21;2011.6366;16420
2011-08-22;2011.6393;16473
2011-08-23;2011.6421;16590
2011-08-24;2011.6448;16633
2011-08-25;2011.6475;16672
2011-08-26;2011.6503;16742
2011-08-27;2011.6530;16758
2011-08-28;2011.6557;16770
2011-08-29;2011.6585;16787
2011-08-30;2011.6612;16837
2011-08-31;2011.6639;16983
2011-09-01;2011.6667;17070
2011-09-02;2011.6694;17103
2011-09-03;2011.6721;17151
2011-09-04;2011.6749;17173
2011-09-05;2011.6776;17205
2011-09-06;2011.6803;17223
2011-09-07;2011.6831;17242
2011-09-08;2011.6858;17259
2011-09-09;2011.6885;17267
2011-09-10;2011.6913;17308
2011-09-11;2011.6940;17333
2011-09-12;2011.6967;17360
2011-09-13;2011.6995;17372
2011-09-14;2011.7022;17394
2011-09-15;2011.7049;17416
2011-09-16;2011.7077;17427
2011-09-17;2011.7104;17438
2011-09-18;2011.7131;17449
2011-09-19;2011.7158;17488
2011-09-20;2011.7186;17548
2011-09-21;2011.7213;17565
2011-09-22;2011.7240;17582
2011-09-23;2011.7268;17612
2011-09-24;2011.7295;17622
2011-09-25;2011.7322;17634
2011-09-26;2011.7350;17719
2011-09-27;2011.7377;17723
2011-09-28;2011.7404;17737
2011-09-29;2011.7432;17764
2011-09-30;2011.7459;17785
2011-10-01;2011.7486;17801
2011-10-02;2011.7514;17832
2011-10-03;2011.7541;17878
2011-10-04;2011.7568;17906
2011-10-05;2011.7596;17914
2011-10-06;2011.7623;17925
2011-10-07;2011.7650;17941
2011-10-08;2011.7678;17966
2011-10-09;2011.7705;17987
2011-10-10;2011.7732;18012
2011-10-11;2011.7760;18021
2011-10-12;2011.7787;18071
2011-10-13;2011.7814;18079
2011-10-14;2011.7842;18085
2011-10-15;2011.7869;18111
2011-10-16;2011.7896;18145
2011-10-17;2011.7923;18152
2011-10-18;2011.7951;18175
2011-10-19;2011.7978;18187
2011-10-20;2011.8005;18204
2011-10-21;2011.8033;18221
2011-10-22;2011.8060;18239
2011-10-23;2011.8087;18256
2011-10-24;2011.8115;18284
2011-10-25;2011.8142;18298
2011-10-26;2011.8169;18308
2011-10-27;2011.8197;18316
2011-10-28;2011.8224;18323
2011-10-29;2011.8251;18330
2011-10-30;2011.8279;18363
2011-10-31;2011.8306;18376
2011-11-01;2011.8333;18439
2011-11-02;2011.8361;18458
2011-11-03;2011.8388;18470
2011-11-04;2011.8415;18482
2011-11-05;2011.8443;18490
2011-11-06;2011.8470;18516
2011-11-07;2011.8497;18524
2011-11-08;2011.8525;18541
2011-11-09;2011.8552;18565
2011-11-10;2011.8579;18600
2011-11-11;2011.8607;18617
2011-11-12;2011.8634;18647
2011-11-13;2011.8661;18663
2011-11-14;2011.8689;18674
2011-11-15;2011.8716;18701
2011-11-16;2011.8743;18707
2011-11-18;2011.8798;18713
2011-11-19;2011.8825;18773
2011-11-20;2011.8852;18823
2011-11-21;2011.8880;18850
2011-11-22;2011.8907;18899
2011-11-23;2011.8934;18909
2011-11-24;2011.8962;18921
2011-11-25;2011.8989;18968
2011-11-26;2011.9016;18982
2011-11-27;2011.9044;19009
2011-11-28;2011.9071;19024
2011-11-29;2011.9098;19032
2011-11-30;2011.9126;19051
2011-12-01;2011.9153;19067
2011-12-02;2011.9180;19083
2011-12-03;2011.9208;19102
2011-12-04;2011.9235;19144
2011-12-05;2011.9262;19151
2011-12-06;2011.9290;19165
2011-12-07;2011.9317;19174
2011-12-08;2011.9344;19254
2011-12-09;2011.9372;19348
2011-12-10;2011.9399;19355
2011-12-11;2011.9426;19376
2011-12-12;2011.9454;19380
2011-12-13;2011.9481;19448
2011-12-14;2011.9508;19477
2011-12-15;2011.9536;19509
2011-12-16;2011.9563;19529
2011-12-17;2011.9590;19546
2011-12-18;2011.9617;19588
2011-12-19;2011.9645;19591
2011-12-20;2011.9672;19605
2011-12-21;2011.9699;19612
2011-12-22;2011.9727;19619
2011-12-23;2011.9754;19655
2011-12-24;2011.9781;19677
2011-12-25;2011.9809;19714
2011-12-26;2011.9836;19731
2011-12-27;2011.9863;19751
2011-12-28;2011.9891;19773
2011-12-29;2011.9918;19823
2011-12-30;2011.9945;19856
2011-12-31;2011.9973;19885
2012-01-01;2012.0027;19909
2012-01-02;2012.0055;19933
2012-01-03;2012.0082;19957
2012-01-04;2012.0109;20017
2012-01-05;2012.0137;20060
2012-01-06;2012.0164;20071
2012-01-07;2012.0191;20082
2012-01-08;2012.0219;20101
2012-01-09;2012.0246;20128
2012-01-10;2012.0273;20134
2012-01-11;2012.0301;20152
2012-01-12;2012.0328;20178
2012-01-13;2012.0355;20189
2012-01-14;2012.0383;20216
2012-01-15;2012.0410;20228
2012-01-16;2012.0437;20251
2012-01-17;2012.0464;20257
2012-01-18;2012.0492;20269
2012-01-19;2012.0519;20275
2012-01-20;2012.0546;20291
2012-01-21;2012.0574;20357
2012-01-22;2012.0601;20369
2012-01-23;2012.0628;20395
2012-01-24;2012.0656;20433
2012-01-25;2012.0683;20439
2012-01-26;2012.0710;20457
2012-01-27;2012.0738;20491
2012-01-28;2012.0765;20499
2012-01-29;2012.0792;20512
2012-01-30;2012.0820;20524
2012-01-31;2012.0847;20538
2012-02-01;2012.0874;20556
2012-02-02;2012.0902;20559
2012-02-03;2012.0929;20562
2012-02-04;2012.0956;20570
2012-02-05;2012.0984;20601
2012-02-06;2012.1011;20610
2012-02-07;2012.1038;20616
2012-02-08;2012.1066;20633
2012-02-09;2012.1093;20637
2012-02-10;2012.1120;20650
2012-02-11;2012.1148;20669
2012-02-12;2012.1175;20704
2012-02-13;2012.1202;20714
2012-02-14;2012.1230;20734
2012-02-15;2012.1257;20744
2012-02-16;2012.1284;20778
2012-02-17;2012.1311;20797
2012-02-18;2012.1339;20845
2012-02-19;2012.1366;20878
2012-02-20;2012.1393;20910
2012-02-21;2012.1421;20954
2012-02-22;2012.1448;20958
2012-02-23;2012.1475;21017
2012-02-24;2012.1503;21060
2012-02-25;2012.1530;21076
2012-02-26;2012.1557;21089
2012-02-27;2012.1585;21166
2012-02-28;2012.1612;21187
2012-02-29;2012.1639;21223
2012-03-01;2012.1667;21245
2012-03-02;2012.1694;21255
2012-03-03;2012.1721;21272
2012-03-04;2012.1749;21290
2012-03-05;2012.1776;21309
2012-03-06;2012.1803;21326
2012-03-07;2012.1831;21434
2012-03-08;2012.1858;21449
2012-03-09;2012.1885;21464
2012-03-10;2012.1913;21477
2012-03-11;2012.1940;21537
2012-03-12;2012.1967;21548
2012-03-13;2012.1995;21567
2012-03-14;2012.2022;21597
2012-03-15;2012.2049;21622
2012-03-16;2012.2077;21660
2012-03-17;2012.2104;21682
2012-03-18;2012.2131;21696
2012-03-19;2012.2158;21709
2012-03-20;2012.2186;21732
2012-03-21;2012.2213;21746
2012-03-22;2012.2240;21794
2012-03-23;2012.2268;21802
2012-03-27;2012.2377;21820
2012-03-28;2012.2404;21885
2012-03-29;2012.2432;21895
2012-03-30;2012.2459;21928
2012-03-31;2012.2486;21987
2012-04-01;2012.2514;22013
2012-04-02;2012.2541;22046
2012-04-03;2012.2568;22089
2012-04-04;2012.2596;22129
2012-04-05;2012.2623;22160
2012-04-06;2012.2650;22203
2012-04-07;2012.2678;22244
2012-04-08;2012.2705;22295
2012-04-09;2012.2732;22327
2012-04-10;2012.2760;22370
2012-04-11;2012.2787;22391
2012-04-12;2012.2814;22429
2012-04-13;2012.2842;22477
2012-04-14;2012.2869;22486
2012-04-15;2012.2896;22529
2012-04-16;2012.2923;22559
2012-04-17;2012.2951;22614
2012-04-18;2012.2978;22626
2012-04-19;2012.3005;22648
2012-04-20;2012.3033;22675
2012-04-21;2012.3060;22692
2012-04-22;2012.3087;22714
2012-04-23;2012.3115;22723
2012-04-24;2012.3142;22755
2012-04-25;2012.3169;22772
2012-04-26;2012.3197;22804
2012-04-27;2012.3224;22866
2012-04-28;2012.3251;22896
2012-04-29;2012.3279;22908
2012-04-30;2012.3306;22936
2012-05-01;2012.3333;22947
2012-05-02;2012.3361;22963
2012-05-03;2012.3388;22989
2012-05-04;2012.3415;23018
2012-05-05;2012.3443;23076
2012-05-06;2012.3470;23112
2012-05-07;2012.3497;23140
2012-05-08;2012.3525;23157
2012-05-09;2012.3552;23173
2012-05-10;2012.3579;23191
2012-05-11;2012.3607;23204
2012-05-12;2012.3634;23233
2012-05-13;2012.3661;23255
2012-05-14;2012.3689;23275
2012-05-15;2012.3716;23313
2012-05-16;2012.3743;23327
2012-05-17;2012.3770;23350
2012-05-18;2012.3798;23371
2012-05-19;2012.3825;23425
2012-05-20;2012.3852;23428
2012-05-21;2012.3880;23459
2012-05-22;2012.3907;23466
2012-05-24;2012.3962;23469
2012-05-25;2012.3989;23516
2012-05-26;2012.4016;23533
2012-05-27;2012.4044;23553
2012-05-28;2012.4071;23572
2012-05-29;2012.4098;23597
2012-05-30;2012.4126;23623
2012-05-31;2012.4153;23654
2012-06-01;2012.4180;23673
2012-06-02;2012.4208;23697
2012-06-03;2012.4235;23769
2012-06-04;2012.4262;23816
2012-06-05;2012.4290;23838
2012-06-06;2012.4317;23871
2012-06-07;2012.4344;23891
2012-06-08;2012.4372;23935
2012-06-09;2012.4399;23968
2012-06-10;2012.4426;23989
2012-06-11;2012.4454;24030
2012-06-12;2012.4481;24094
2012-06-13;2012.4508;24118
2012-06-14;2012.4536;24141
2012-06-15;2012.4563;24174
2012-06-16;2012.4590;24231
2012-06-17;2012.4617;24240
2012-06-18;2012.4645;24270
2012-06-19;2012.4672;24300
2012-06-20;2012.4699;24317
2012-06-21;2012.4727;24376
2012-06-22;2012.4754;24402
2012-06-23;2012.4781;24444
2012-06-24;2012.4809;24464
2012-06-25;2012.4836;24526
2012-06-26;2012.4863;24549
2012-06-27;2012.4891;24591
2012-06-28;2012.4918;24612
2012-06-29;2012.4945;24643
2012-06-30;2012.4973;24682
2012-07-01;2012.5000;24690
2012-07-02;2012.5027;24704
2012-07-03;2012.5055;24723
2012-07-04;2012.5082;24750
2012-07-05;2012.5109;24777
2012-07-06;2012.5137;24789
2012-07-07;2012.5164;24802
2012-07-08;2012.5191;24828
2012-07-09;2012.5219;24835
2012-07-10;2012.5246;24853
2012-07-11;2012.5273;24897
2012-07-12;2012.5301;24925
2012-07-13;2012.5328;24953
2012-07-14;2012.5355;25003
2012-07-15;2012.5383;25022
2012-07-16;2012.5410;25048
2012-07-17;2012.5437;25075
2012-07-18;2012.5464;25078
2012-07-19;2012.5492;25107
2012-07-20;2012.5519;25124
2012-07-21;2012.5546;25162
2012-07-22;2012.5574;25197
2012-07-23;2012.5601;25226
2012-07-24;2012.5628;25246
2012-07-25;2012.5656;25258
2012-07-26;2012.5683;25299
2012-07-27;2012.5710;25314
2012-07-28;2012.5738;25324
2012-07-29;2012.5765;25349
2012-07-30;2012.5792;25376
2012-07-31;2012.5820;25387
2012-08-01;2012.5847;25412
2012-08-02;2012.5874;25438
2012-08-03;2012.5902;25476
2012-08-04;2012.5929;25503
2012-08-05;2012.5956;25557
2012-08-06;2012.5984;25597
2012-08-07;2012.6011;25626
2012-08-08;2012.6038;25656
2012-08-09;2012.6066;25691
2012-08-10;2012.6093;25712
2012-08-11;2012.6120;25735
2012-08-12;2012.6148;25800
2012-08-13;2012.6175;25816
2012-08-14;2012.6202;25841
2012-08-15;2012.6230;25857
2012-08-16;2012.6257;25917
2012-08-17;2012.6284;25951
2012-08-18;2012.6311;25971
2012-08-19;2012.6339;25997
2012-08-20;2012.6366;26033
2012-08-21;2012.6393;26054
2012-08-22;2012.6421;26075
2012-08-23;2012.6448;26102
2012-08-24;2012.6475;26112
2012-08-25;2012.6503;26214
2012-08-26;2012.6530;26235
2012-08-27;2012.6557;26261
2012-08-28;2012.6585;26326
2012-08-29;2012.6612;26354
2012-08-30;2012.6639;26385
2012-08-31;2012.6667;26429
2012-09-01;2012.6694;26454
2012-09-02;2012.6721;26480
2012-09-03;2012.6749;26507
2012-09-04;2012.6776;26524
2012-09-05;2012.6803;26548
2012-09-06;2012.6831;26604
2012-09-07;2012.6858;26633
2012-09-08;2012.6885;26643
2012-09-09;2012.6913;26665
2012-09-10;2012.6940;26686
2012-09-11;2012.6967;26724
2012-09-12;2012.6995;26749
2012-09-13;2012.7022;26770
2012-09-14;2012.7049;26807
2012-09-15;2012.7077;26837
2012-09-16;2012.7104;26900
2012-09-17;2012.7131;26931
2012-09-18;2012.7158;26984
2012-09-19;2012.7186;27002
2012-09-20;2012.7213;27067
2012-09-21;2012.7240;27084
2012-09-22;2012.7268;27098
2012-09-23;2012.7295;27118
2012-09-24;2012.7322;27157
2012-09-25;2012.7350;27169
2012-09-26;2012.7377;27179
2012-09-27;2012.7404;27200
2012-09-28;2012.7432;27288
2012-09-29;2012.7459;27303
2012-09-30;2012.7486;27343
2012-10-01;2012.7514;27355
2012-10-02;2012.7541;27412
2012-10-03;2012.7568;27425
2012-10-04;2012.7596;27445
2012-10-05;2012.7623;27461
2012-10-06;2012.7650;27477
2012-10-07;2012.7678;27500
2012-10-08;2012.7705;27516
2012-10-09;2012.7732;27553
2012-10-10;2012.7760;27574
2012-10-11;2012.7787;27615
2012-10-12;2012.7814;27634
2012-10-13;2012.7842;27659
2012-10-14;2012.7869;27681
2012-10-15;2012.7896;27706
2012-10-16;2012.7923;27758
2012-10-17;2012.7951;27775
2012-10-18;2012.7978;27829
2012-10-19;2012.8005;27854
2012-10-20;2012.8033;27866
2012-10-21;2012.8060;27873
2012-10-22;2012.8087;27910
2012-10-23;2012.8115;27932
2012-10-24;2012.8142;27952
2012-10-25;2012.8169;27978
2012-10-26;2012.8197;27985
2012-10-27;2012.8224;28012
2012-10-28;2012.8251;28050
2012-10-29;2012.8279;28058
2012-10-30;2012.8306;28108
2012-10-31;2012.8333;28141
2012-11-01;2012.8361;28189
2012-11-02;2012.8388;28259
2012-11-03;2012.8415;28324
2012-11-04;2012.8443;28371
2012-11-05;2012.8470;28429
2012-11-06;2012.8497;28438
2012-11-07;2012.8525;28489
2012-11-08;2012.8552;28504
2012-11-09;2012.8579;28524
2012-11-10;2012.8607;28541
2012-11-11;2012.8634;28557
2012-11-12;2012.8661;28568
2012-11-13;2012.8689;28580
2012-11-14;2012.8716;28584
2012-11-15;2012.8743;28604
2012-11-16;2012.8770;28606
2012-11-17;2012.8798;28614
2012-11-18;2012.8825;28701
2012-11-19;2012.8852;28728
2012-11-20;2012.8880;28749
2012-11-21;2012.8907;28765
2012-11-22;2012.8934;28776
2012-11-23;2012.8962;28852
2012-11-24;2012.8989;28876
2012-11-25;2012.9016;28901
2012-11-26;2012.9044;28942
2012-11-27;2012.9071;28949
2012-11-28;2012.9098;28958
2012-11-29;2012.9126;28980
2012-11-30;2012.9153;28994
2012-12-01;2012.9180;29009
2012-12-02;2012.9208;29067
2012-12-03;2012.9235;29087
2012-12-04;2012.9262;29089
2012-12-05;2012.9290;29096
2012-12-06;2012.9317;29126
2012-12-07;2012.9344;29152
2012-12-08;2012.9372;29167
2012-12-09;2012.9399;29194
2012-12-10;2012.9426;29195
2012-12-11;2012.9454;29234
2012-12-12;2012.9481;29275
2012-12-13;2012.9508;29288
2012-12-14;2012.9536;29302
2012-12-15;2012.9563;29350
2012-12-16;2012.9590;29384
2012-12-17;2012.9617;29456
2012-12-18;2012.9645;29515
2012-12-19;2012.9672;29538
2012-12-20;2012.9699;29564
2012-12-21;2012.9727;29581
2012-12-22;2012.9754;29590
2012-12-23;2012.9781;29598
2012-12-24;2012.9809;29604
2012-12-25;2012.9836;29610
2012-12-26;2012.9863;29645
2012-12-27;2012.9891;29659
2012-12-28;2012.9918;29677
2012-12-29;2012.9945;29681
2012-12-30;2012.9973;29686
2012-12-31;2013.0000;29703
2013-01-01;2013.0027;29724
2013-01-02;2013.0055;29746
2013-01-03;2013.0082;29811
2013-01-04;2013.0109;29836
2013-01-05;2013.0137;29874
2013-01-06;2013.0164;29889
2013-01-07;2013.0191;29955
2013-01-08;2013.0219;29965
2013-01-09;2013.0246;29970
2013-01-10;2013.0273;29984
2013-01-11;2013.0301;29999
2013-01-12;2013.0328;30023
2013-01-13;2013.0355;30048
2013-01-14;2013.0383;30054
2013-01-15;2013.0410;30067
2013-01-16;2013.0437;30080
2013-01-17;2013.0464;30089
2013-01-18;2013.0492;30104
2013-01-19;2013.0519;30126
2013-01-20;2013.0546;30133
2013-01-21;2013.0574;30137
2013-01-22;2013.0601;30142
2013-01-23;2013.0628;30150
2013-01-24;2013.0656;30170
2013-01-25;2013.0683;30186
2013-01-26;2013.0710;30191
2013-01-27;2013.0738;30282
2013-01-28;2013.0765;30294
2013-01-29;2013.0792;30302
2013-01-30;2013.0820;30309
2013-01-31;2013.0847;30312
2013-02-01;2013.0874;30325
2013-02-02;2013.0902;30336
2013-02-03;2013.0929;30343
2013-02-04;2013.0956;30360
2013-02-05;2013.0984;30368
2013-02-06;2013.1011;30375
2013-02-07;2013.1038;30385
2013-02-08;2013.1066;30400
2013-02-09;2013.1093;30403
2013-02-10;2013.1120;30412
2013-02-11;2013.1148;30449
2013-02-12;2013.1175;30490
2013-02-13;2013.1202;30499
2013-02-14;2013.1230;30536
2013-02-15;2013.1257;30551
2013-02-16;2013.1284;30561
2013-02-17;2013.1311;30625
2013-02-18;2013.1339;30702
2013-02-19;2013.1366;30756
2013-02-20;2013.1393;30874
2013-02-21;2013.1421;30915
2013-02-22;2013.1448;30942
2013-02-23;2013.1475;30958
2013-02-24;2013.1503;31007
2013-02-25;2013.1530;31022
2013-02-26;2013.1557;31041
2013-02-27;2013.1585;31074
2013-02-28;2013.1612;31082
2013-03-01;2013.1639;31142
2013-03-02;2013.1667;31159
2013-03-03;2013.1694;31179
2013-03-04;2013.1721;31209
